y,treatment,treatment_confounding,confounder
-5.46298493891927,0,-1.4232492092002724,-1.8205709390140212
-0.6580251966075159,1,0.49383623873169724,-0.6474670972519986
3.7007105892846117,1,1.9982456780363127,1.2769211882790699
3.372677047705433,1,1.0143114678025176,0.01830673237509739
1.5432353238145344,1,1.1011652497304625,0.12940707256803358
4.7577937253324425,0,1.4519866595572004,1.857330887056135
4.514830169291124,1,2.0781854990500137,1.3791774298892818
4.054285782212209,0,1.256922262154068,1.6078112872188213
-3.886838612451603,1,-0.7890683283177353,-2.2885140461633227
5.489032296226665,1,1.3634045474337473,0.4648544709434123
-1.4610504806514355,0,-1.097006507594434,-1.40325261010186
0.48544761838049877,0,0.10548265510960944,0.13492974752503173
0.7882578782883879,0,0.40123997789528676,0.513252239034968
7.634919304035843,1,2.7322618038853204,2.2158491137962377
-2.600892397902876,0,-0.4551330499144839,-0.5821903843001052
6.491283188287186,1,2.425706306289584,1.8237139722412448
1.1042742684699363,1,1.4614799637404121,0.5903091359489496
2.4902698613983407,1,1.5923456910267306,0.757708027492532
1.1332491123356476,0,-0.4035784372436408,-0.5162435149859107
7.832229919486244,1,2.9121438818843397,2.4459480181465763
-0.2667744712969662,1,-0.13628164624309824,-1.45349200288514
-1.2025945007193388,1,0.3914251803251543,-0.7784677649940763
-2.5201669152058956,0,-0.40552086525945386,-0.5187282014159864
1.4905062879247541,0,0.28975112303103606,0.37063956946330656
-1.0530603082270282,0,0.015813118536311847,0.020227591820388115
3.1119870578045687,0,1.0902625659278733,1.394625994233621
2.660197964526084,1,0.7473759271355602,-0.3231479368330652
1.035630024671148,1,1.090209830004608,0.11539328029001136
0.26480768105788804,1,0.43030774798469773,-0.7287305353805867
2.270071797012238,1,1.7395863243977532,0.9460531299696494
-2.1951387275190757,0,-1.0457495376534824,-1.337686475026439
0.27017713156650724,0,0.26335866239734557,0.3368792508007952
-0.9067849162429866,1,0.2665783881620042,-0.9381674438500868
6.235244417642237,0,1.7554651305623266,2.2455300031046836
5.0422275133044305,1,1.6453761611529982,0.8255427623864885
-1.6201231916603704,1,0.32778567929664104,-0.8598732036178337
4.167462498620466,0,1.5816572685296353,2.0232010247758083
-0.2839670555846525,1,-0.25148925818064516,-1.6008615773004022
-1.5724253453819745,1,0.039672868318449184,-1.228417101224684
4.562761937775969,1,2.2549271985216692,1.605259271136782
0.5855434921350597,1,0.6661746389726649,-0.4270178033920904
7.041315507008518,0,2.261086502003379,2.8923032941344653
4.771615286467624,1,1.5275634515712935,0.6748408375763767
-2.6631136267888906,0,-0.7864990718630777,-1.0060622865899889
-1.2102156482086772,1,0.10422102716568271,-1.1458493390896425
5.837388760101224,1,2.6354836300195483,2.092053836249677
5.780033548135764,0,1.48865097933253,1.9042306110469804
0.3330885713629027,0,0.31375690855384314,0.4013469362466569
-1.9654456792946626,0,-0.27757573386416734,-0.3550652346629784
4.325508812983492,1,1.8937494680874405,1.1432532671305853
2.8373644028145923,1,1.7160681953967,0.91596955646578
1.656454612156439,0,0.6314864937289684,0.8077755824005132
5.531726441256629,1,1.7164691321824377,0.9164824208719412
-1.624780073719603,0,-0.9475432056256067,-1.2120643471788668
5.758362906001683,0,1.323675049849903,1.6931991339793313
3.272842167959461,1,1.5516221131100116,0.7056158415221556
4.35063968151871,1,1.8334913169902027,1.0661731338572356
-1.4803584582150928,1,-0.011865957499101132,-1.294343776544645
0.7273191868165281,1,0.7291780641874084,-0.3464260108494782
2.860613115276005,0,0.19658004198829152,0.2514583597310676
-0.30014191202511536,0,0.10796202403155679,0.13810127010675036
-0.4737612424652514,1,0.21010279461166703,-1.010409060930686
0.43840607872331155,1,0.4849274642938127,-0.6588628919863284
-3.416742101164748,1,-0.49396658442337804,-1.9110301483937187
-2.132494502360991,1,-0.21002571810220738,-1.547822857442013
-1.800947258395226,1,-0.34744548438620493,-1.723605447957783
6.376996591062883,1,2.355324752848154,1.7336843344168698
0.7260318222682286,1,0.8874022292315236,-0.1440311562681538
-0.6225763057257259,0,-0.17890285926482674,-0.22884632176755162
-5.549327288665525,0,-1.5973742467796954,-2.043305637282323
-2.2792832045866844,0,-0.873308005946011,-1.1171052589777806
0.3249427845440081,0,0.009273971308911456,0.011862941883341109
2.4227642206825055,1,1.523609402156989,0.6697829549451594
-0.41127135308744833,0,-0.7003891703573074,-0.8959134923877043
-1.0488762157851417,0,-0.4260797265317858,-0.5450263824581243
-8.234637454277824,0,-2.153166300857317,-2.7542555224097445
-5.2222730020371015,1,-1.1779895412338748,-2.7860085490403477
0.8893706948386444,1,0.4699526568839578,-0.6780181453400489
-3.641716518585652,0,-1.2566191360460064,-1.6074235388332077
-2.7677546681735885,0,-1.2742774101524175,-1.6300113895507498
1.4185073880714159,0,0.5872129291626593,0.7511423768487783
-3.0790498799306283,0,-0.6947170222602742,-0.8886578776151903
2.8603022589412648,1,1.0853871402969328,0.1092242631755677
4.085092887617257,0,1.3046158908575902,1.668819319988112
2.7108059399555806,0,1.487724092268741,1.9030449693187617
0.30872338004384564,1,0.5023169069859484,-0.6366189210736439
2.9685123419463477,0,1.1537406380089243,1.4758249385564748
-0.3532486213842956,0,0.03898653353803555,0.04987021915306428
-3.4692659178760987,0,-1.4040750725138984,-1.7960440495513461
-0.9295770906203304,1,-0.050387661955082486,-1.3436194024859753
3.7009180055608457,1,1.4048743171090825,0.5179011594857115
1.2665924762750267,1,1.1348459200359564,0.17249021582103394
2.986226876866173,1,0.9209066130554635,-0.10117351255745674
1.1953522449586245,1,1.218299358760199,0.2792409551293767
2.7095163867294243,0,1.004447949253308,1.2848549181280327
-0.2179367181106665,0,0.16604441377020998,0.21239824504488894
2.963236296312157,1,0.9747738182646071,-0.0322684552170232
-2.7284463382262,0,-0.5791933160553487,-0.740883966395482
2.4519782203196145,1,1.5359210325209842,0.6855315647512852
1.0448585601483373,0,0.5345360905199016,0.683759995061949
2.2837111817166225,1,1.2465814288166523,0.31541839651286413
-2.158368325836775,0,-0.6244262345527877,-0.7987443441641089
-3.9116870254704557,0,-1.7027387119601431,-2.178084200356364
-1.7566849251506178,1,0.12243919959148353,-1.1225452858950538
-1.8818192559740612,0,-0.8750361658673254,-1.119315861105908
-0.528322355305,0,0.26983958732287233,0.3451694247921621
3.3196614128438164,1,1.7150494799932798,0.9146664511159903
2.3239056128691136,1,1.0520172302380333,0.06653863363295152
0.512666721063253,0,-0.019799097766619034,-0.02532631796286624
0.2125636978643925,1,0.4270451686510971,-0.7329039135090163
-2.593612750784235,1,-0.09253190831652058,-1.3975288581711076
3.8386792407722194,0,1.3858488785116172,1.7727297354348253
2.0534544093592366,1,0.978448804605153,-0.027567540373985296
1.126099623128486,1,0.568904770288517,-0.5514420398668642
-1.1055076593542505,0,-0.08972307191598478,-0.11477063625497619
1.0684926296576909,0,0.3891961397640098,0.4978461797487574
7.259457443056057,0,2.3406800251814452,2.9941165635851115
5.491082507857257,0,2.0913735516993834,2.675212384615254
2.79901784956113,1,1.1117369288643306,0.1429299972134762
1.5816485395646245,0,0.9461056265077943,1.2102254459186348
0.2448576475060693,1,1.28217880243687,0.3609533200520863
3.28736269578867,1,1.7138602275195916,0.9131452006710568
0.5738454747098108,0,-0.10484226333937538,-0.13411058062233097
5.770236397237871,1,1.9150226700358228,1.1704652079464624
-0.5769528260192183,1,0.7280365056843139,-0.3478862528243086
0.20340679660745808,1,0.051116546619277115,-1.2137787455416205
0.781407026867283,1,0.776410015003527,-0.2860085403932096
-1.0671772859550621,0,-1.0028358549710739,-1.2827927831328299
6.464608049167536,1,1.8076842040285792,1.0331615715995026
-9.74539148125942,0,-3.299856606267252,-4.2210619204624695
4.146726851192824,1,1.8506387980134504,1.088107595809799
-1.5811139675217771,1,0.019273721516489872,-1.2545109810654436
1.167597283840808,0,0.05668506789667418,0.0725095693864531
4.830337015098622,0,2.0044419184225797,2.5640124596817264
7.891173987741918,0,2.387322158823162,3.053779560404503
0.8467345581655296,0,-0.18786484216942223,-0.2403101789238222
-2.7121091528275247,1,-0.43557182087070934,-1.8363335957258127
4.952230483090185,1,2.2908350383688045,1.651191332286633
-3.662765646565058,1,-0.3483789660342933,-1.7247995252491153
-0.1435060101960563,1,0.3861991515654457,-0.7851527194102625
-0.1961545155330774,0,-0.09661993910263605,-0.12359286913526851
-0.8936765793242631,0,-0.2386088894611257,-0.30522020116731874
-1.8884844967630203,0,-0.20057247469928466,-0.2565653409418194
3.539719561011834,1,1.575977166086165,0.736769979096872
-2.3410238192937487,0,-0.5458758321977637,-0.6982653986280907
-3.6235917760085763,1,-0.8556839776103713,-2.3737264702431995
5.607312877537798,1,2.509904389926783,1.931417235450286
-1.9746342233980365,0,-0.7741591250782683,-0.9902774554021838
0.7950144576389465,1,0.6300278705429587,-0.4732554936834274
-4.132205157006309,0,-0.7412024098378894,-0.9481203703153714
-1.721048702343746,0,-0.08858766962289663,-0.1133182690900946
4.198227688554673,0,1.0308904129181038,1.3186791989306275
0.9027006376354991,1,0.34593363074852534,-0.8366589746533202
-0.8243621451211828,1,0.2804123503247906,-0.9204715200988695
0.7408910606518749,1,0.1937845851315937,-1.0312827475374453
1.0700566814954853,0,-0.03134850997019552,-0.04009992478070532
0.6376207422335645,0,0.404430421867041,0.5173333441147958
3.682589984996346,1,1.6014830716086608,0.7693962472636291
-5.112527166273746,0,-2.572069505156183,-3.2901019469687296
-0.24188259569710313,0,-0.42461821999784816,-0.5431568740785194
1.333950622465217,1,0.5552130758874327,-0.568955979640266
0.9337190318586264,0,0.3869648701364634,0.4949920171644703
7.13377904454802,1,3.043394219222991,2.6138388895062046
0.5308999274186206,1,0.8066500492622389,-0.24732653922973497
-0.6358478636747846,1,0.22274930562899764,-0.9942320834279126
-2.577416272711634,1,-0.03045337787884539,-1.3181201588927611
1.6405070402301398,1,0.8550052083129647,-0.18547229982452307
-3.285606132066413,0,-1.1800592024982222,-1.509490731838528
5.338291185847151,1,2.0832974487553004,1.3857164583426167
-0.14532063384562588,1,-0.1150689967854932,-1.4263575187116286
6.824049348837732,0,1.843772786450619,2.3584900883542748
-0.06991583485067626,0,0.06184123293358155,0.07910515655577842
-1.0068340305809658,0,-0.18079980067634566,-0.2312728233138016
1.202804796697278,1,1.0096801281053986,0.012382483545888853
3.3430337303395263,1,1.363535457444366,0.46502192648065643
-3.19200299214332,1,-0.7833384943843178,-2.2811846416731436
0.8904028142697571,0,0.2971585952530198,0.3801149505643261
-1.891846623118683,1,0.5946884465202045,-0.5184604570597795
3.8953409126272964,0,1.110266293285763,1.4202140672599866
9.457916129741566,1,2.7881853938598975,2.2873846270815466
4.102766128401538,0,1.181515121569243,1.5113530929297005
3.9347015671951464,1,1.8442549302048943,1.0799415739103064
0.3046217088481282,1,0.8492397530437955,-0.1928472698897674
5.058231513421527,0,1.6902481138684642,2.162106661251043
3.61274375751404,0,1.2441788827948486,1.591510399098699
-2.836317778532071,0,-1.028404248859119,-1.315498984245701
-2.045356332560294,0,-0.5298415184479843,-0.6777548615758452
-3.0764473926972955,1,-0.05120261258775227,-1.3446618590206278
5.802478116080246,1,2.3277577877676725,1.6984216304730257
6.511787373915537,0,1.0953031288123767,1.4010737071460742
0.023883378399549238,0,-0.19930859275925633,-0.254948627076471
-0.9225069110822237,0,-0.47735431530583367,-0.6106150549326934
-4.2402197062255516,0,-1.1306547025548555,-1.4462942120217677
-1.7996748699518914,0,-0.3875911134816782,-0.4957930858934595
2.3541088098013643,1,1.4411401621269444,0.5642911684114182
0.09516112612191296,0,-0.36727783212622495,-0.46980904214855995
1.5727303438104085,1,1.3043052934546309,0.3892567585988218
3.637451319217321,0,0.8935394624007058,1.1429846351525557
5.547390369719989,1,2.1617302804898717,1.4860450116258275
2.6373869285404807,1,1.4986517973578501,0.6378580540135508
-0.48179066456673836,1,0.03053158000328604,-1.2401103196323626
1.4977720747971368,1,0.582665730282544,-0.5338394979535354
1.1934039976166217,0,0.26428388673363756,0.3380627656257697
3.5994996863323876,1,1.6692636061242077,0.8560987520478613
4.081557074797215,0,1.1873211367420193,1.518779945814425
0.028208707443817982,1,0.2045806019870915,-1.0174728578728875
-4.830796446909718,0,-1.652768858716128,-2.1141645002400593
4.741679127297914,1,1.8217048904151973,1.051096346490296
-1.2032477657729483,0,-0.7196540638649972,-0.9205564748229502
-0.7006658790972056,0,0.3326467876397241,0.42551021326303246
2.2008983683162326,0,0.17709668432318568,0.22653592553597757
-1.2525479037074112,0,-0.06928841779465722,-0.0886313366849477
3.8154365703090627,1,1.4207050147597395,0.538151237898401
0.6064262097624805,0,-0.049843126429995555,-0.06375759557880963
-1.9080666358354685,1,-0.0875885707276629,-1.391205512478847
5.232522369121224,1,2.188591813245761,1.5204053510496054
2.6674279013035394,1,1.5852411606555938,0.748620159081699
-3.3610317237572627,0,-0.940214915165919,-1.202690252637084
6.763911260676236,1,2.4326851343961176,1.8326410466825993
1.217997666626375,0,0.1342819685440212,0.17176882866649065
1.7390592012755737,0,0.8299864234004061,1.0616897957512508
1.7563663942303362,0,0.6509323678802417,0.8326500689870364
4.314739459050196,1,1.2958752539142795,0.3784733449122428
0.14946293626352603,1,0.19503078999757484,-1.0296886455710454
0.029588529990516255,1,0.2295653649313707,-0.9855132171855984
0.3454713942720343,1,0.1295555823664477,-1.1134422563010449
1.4656730433469602,0,0.5015796373519651,0.6416032452090995
-2.7466019345229036,0,-1.282237747537482,-1.6401939765596254
3.5322364639771062,1,1.247239024782019,0.31625957042423586
1.2586245262964584,1,0.9007941103986901,-0.12690072716686365
-7.5146122875273,0,-2.097455017993468,-2.6829915850040775
4.010538235617007,0,0.8614541678777227,1.1019422411707795
9.47395576903797,1,3.317461767642816,2.9644165752372356
0.7012682489050731,0,-0.2008942762884406,-0.2569769783539877
0.9164035376882533,0,0.5378411921379114,0.6879877662191998
-0.003174706741989386,1,-0.15831279212691585,-1.4816734792492083
-2.8176765500650798,0,-0.43692971400234404,-0.5589053094583114
1.4445841853717751,1,0.9144944861853683,-0.10937568246663647
-2.5961202487240564,1,-0.41527837529263834,-1.810374925218166
5.293465128548823,0,1.7392079304290557,2.2247343575346443
2.1270622196282822,0,0.49416599272979467,0.6321199685882152
-1.2449503700049216,0,-0.43653970078168347,-0.5584064180970685
-0.6081089723585316,0,-0.37664199601498216,-0.4817873552463872
-3.4933784337333575,0,-0.7754767631526259,-0.9919629322468622
-2.4508000548347795,0,-0.9484016874927935,-1.2131624873562634
2.2274286388211926,1,1.1931536287469307,0.24707541096007946
1.8281423199928604,1,0.7971488750066573,-0.2594801112285135
0.3126269984957803,1,0.5780585510122589,-0.5397328416041685
-1.3897686840710808,0,-0.21180321177530095,-0.27093130960853756
0.04398559677878011,1,0.9180558531783538,-0.10482010554540527
-3.4063060086377495,0,-1.3515960587801523,-1.7289147185148923
-2.8496827728885465,0,-0.5723532308399695,-0.7321343670400071
-6.151838407085281,0,-1.5563499927059639,-1.9908288368185938
3.144073942263908,1,1.416024302952204,0.5321638339809327
-1.9017049069020295,0,-0.6067165410887279,-0.7760907195907774
5.19594513009472,1,1.513676267523673,0.6570768342392219
2.019421608903341,0,0.6060236928787638,0.7752044522329214
4.27634049489903,1,0.9745372251255828,-0.03257109694026698
2.4239198570406253,1,1.3709668701895172,0.4745279314671216
0.1574972928230326,0,0.138474146628508,0.1771313172190588
-4.6395234348857475,1,-1.0565942899101168,-2.630723961305693
0.10090402683914235,0,-0.3619990436147602,-0.463056599291013
-5.720413624727044,0,-1.6660045893809572,-2.131095187044055
-0.29339806585581174,1,0.23357955926905694,-0.9803783992580671
-6.1981531585218645,0,-2.1508763575139285,-2.751326306446713
0.912940308335987,1,0.5250174937276665,-0.6075811192232138
-2.715944758657483,0,-1.0003016695725424,-1.2795511412188094
0.5861248459165207,0,0.5500944218399527,0.7036616719276279
-1.9106815836744642,1,-0.10272267114126521,-1.4105645279084824
-7.150242505872964,0,-1.8873610985102223,-2.4142467427078564
2.2253376589152247,1,0.7656384179827438,-0.2997871930536436
0.576531331805351,0,0.09834646190768813,0.12580137712115314
3.330136689660903,0,0.8650709012285948,1.1065686408133695
-5.016269053659247,0,-1.0322787986842952,-1.3204551737646406
0.5826488514160679,0,-0.014060260417808872,-0.017985396616531684
-0.3046961962257982,0,-0.23740171020200293,-0.3036760194013058
-0.26564293522303906,0,0.1829285898850647,0.2339958965069062
-0.9092790852637496,1,0.7347853677141504,-0.33925334299831994
6.6062422244246,0,1.5127917798754817,1.9351106843531358
-3.4417180253115864,1,-0.7608211593104375,-2.2523812489893125
-1.8021006720797352,1,0.46794896907652705,-0.6805811931671508
-1.6270802452133806,1,-0.0866314162925732,-1.3899811537808702
4.876625420576209,1,1.4962503560910165,0.6347862137807337
6.000940632203412,0,1.8702802488061643,2.3923975132237607
8.63504348159107,1,2.9905822130057786,2.546283606054397
-3.256048668411631,0,-0.6558714085634508,-0.8389679182268833
-0.9283306215153232,0,-0.16287014049302176,-0.20833782495571504
6.356501772792405,0,2.377783607909868,3.041578177483794
-2.2338303905933063,0,-1.2353784666748862,-1.580253212559852
3.294507263879993,1,1.5535095797500764,0.708030223269953
5.333617547515601,1,1.2975573433061456,0.38062501521977554
4.156123496301931,1,2.0371839575626254,1.3267296825768766
-3.7459543618924678,0,-0.8247465415509656,-1.0549871209439914
-2.125198250334403,0,-0.6614808356840453,-0.8461433025055155
3.694327669393219,1,1.8145349933062267,1.0419248632195288
-0.4343679236986233,1,0.49846945893658445,-0.6415404429425892
-1.012599715784355,0,-0.5614569598016951,-0.7181962357080746
-1.8219491048872514,1,0.041382417200899635,-1.2262303056908492
1.2786808530583331,0,0.7666528911448108,0.9806757417512256
0.201847604127663,0,0.236096114883022,0.3020059472308916
5.687035409491454,1,2.233713649448683,1.5781236362065314
4.832723487222728,1,2.028241605375541,1.3152909363523966
-2.4153969104145543,0,-0.698870792604629,-0.8939712363210208
2.62690160865503,1,1.1235210178692427,0.15800379444196916
-0.04943756514902947,0,0.04865974035119096,0.062243849222389035
6.82492400874725,1,2.3486808210197516,1.725185647658859
2.842338103302923,0,0.5491664582335161,0.7024746531234576
0.4080639713522438,1,0.47756842436129265,-0.6682763201853983
-2.158550823423488,0,-0.37002405768651375,-0.47332191847037336
1.600294207700728,1,0.7681571823814217,-0.29656527714684827
3.4651678101844254,0,0.4768938300774587,0.6100260182276629
0.13477355415833647,1,0.6516386816845945,-0.4456116949174405
1.2361009004697099,0,0.7507615576076515,0.9603481000192567
2.7127507006876406,1,1.055419053632118,0.0708901279256542
1.0471340030896252,1,1.0745687645078967,0.09538577274006667
2.497328240012247,1,1.0647421302080136,0.0828158835604072
2.529130674071454,1,1.3069530613401383,0.3926436912838701
2.2110272518203877,1,0.7580683120238421,-0.3094706095803793
-0.6184531245709726,0,-0.5402371392232725,-0.6910525784859671
1.2935680242699257,1,1.5439152665112008,0.6957575111197672
2.5605051657449795,0,0.8161759402355638,1.0440239055184488
1.4464840773077141,0,0.427529973042845,0.5468814874076816
-1.1544940207433954,0,-0.6848238177915574,-0.8760028341884738
5.364851982349054,0,1.65187105573305,2.113016061857388
-5.051050921797595,0,-1.2932766000495102,-1.6543144931589306
2.154120900690162,1,1.3973665008970801,0.5082974218390135
4.849201256761055,1,1.8669017407904707,1.1089105871701999
1.5348008796704553,0,0.7519357500323552,0.961850086172776
4.348418116505254,0,2.2495296113135117,2.877520121096796
0.10757073445683185,1,0.3369111625133092,-0.8482002025430174
-0.24422795525074958,0,-0.8479920213176835,-1.0847219310202287
0.16572592631409588,1,0.24697829749100486,-0.9632391988505423
5.614530124019839,1,2.4222162068964903,1.819249558357673
2.4882473741719267,1,1.2366023293840802,0.3026534792327198
0.1913609660150437,0,0.5071218528056363,0.6486926546586067
2.048593957099974,1,0.9357382312303627,-0.0822014218981223
3.9765879321969764,1,1.5539797677107938,0.7086316713730841
-3.3048427426577343,0,-1.4275226779044414,-1.8260374117029243
-2.251641714265054,0,-0.4296763547076831,-0.5496270642594211
2.370782618732413,0,0.8039832707710343,1.0284274663617399
0.4504255895480823,1,0.7072819257406824,-0.37443479039072
6.733993774988036,0,2.223831072897742,2.8446474436258034
4.692369475868689,1,1.6625451599420442,0.8475047491174474
0.2645637183498474,1,0.21899065289316033,-0.9990400214169004
3.5698528286260407,0,1.0069949706939214,1.2881129794611084
2.993127664569629,1,1.4435395443958912,0.5673603748456761
-1.12024796471596,0,-0.16790709160087583,-0.21478091780896616
0.5370603222591079,0,0.34022086695541126,0.4351987123697177
1.4045375106874676,0,-0.045542544049669724,-0.058256440017404904
-1.8929497787773304,0,-0.6129860973372244,-0.7841105181142842
2.6613406199607517,0,0.18978383078501534,0.24276488248751552
3.645095176830148,1,0.9633356718576478,-0.046899734693650344
3.107018324593209,1,1.014218462499687,0.018187763223094493
6.501797199052841,0,1.6650654823369897,2.129893913941763
3.0404410728924733,1,0.9008276821870734,-0.12685778330158246
-0.09482276627198238,1,0.14786232154516876,-1.0900249115932854
-3.182391607251823,0,-0.6854646987441994,-0.8768226268363145
2.7993978017807883,1,0.5688780966571467,-0.551476159849364
-3.543595444742332,1,-0.550813624644076,-1.983746907149494
-5.61478033579635,0,-1.5356438074991114,-1.9643422041180427
-7.225081553367687,0,-2.477310610875714,-3.168889661709804
-6.816616765962993,1,-1.8236005281217706,-3.611851692348128
-1.6952271577714886,0,-0.45532408819882186,-0.5824347538359929
3.749658341647252,1,1.5889182116362606,0.7533237149406453
-1.0224565241773054,0,-0.10981275718917992,-0.14046866366007726
-2.9807585777439725,0,-0.9766937863144121,-1.2493527571877105
-2.677223087909593,1,-0.4797352574619067,-1.892825929398073
1.6366825127309592,0,0.9238197020943573,1.1817180657115067
-0.7790610146819519,1,0.4707662874755082,-0.676977377356133
2.8237963860104873,1,1.882436596396091,1.1287822347176193
2.9208520888693483,1,1.3758969157705285,0.48083427448476285
3.269389806198643,1,1.1176564105373998,0.15050199250309348
0.0916061622886033,1,0.10235430047983274,-1.1482371910085978
-3.4008908231032,0,-1.1872267326901769,-1.5186591874312843
4.350762131933963,1,1.9398489429644767,1.2022221137123432
1.529803829967089,1,1.0979751880166084,0.12532645645923046
-1.3106960573215112,0,-0.45314284265354904,-0.5796445803197126
2.4310256276550586,1,1.008922036128991,0.011412758628828679
0.3318775857729396,1,0.3264773287788314,-0.861546800142863
7.405167632473006,1,2.6895358537036964,2.1611955627950517
5.07026594667559,0,1.5785670200699626,2.0192480863138407
-1.0160117473195454,0,-0.417182523386121,-0.5336453893187688
-3.0565832977549343,1,-0.3902765268014672,-1.778393429292913
-4.449959295417364,0,-1.649026789597683,-2.109377775438258
1.4925187874984385,0,-0.12852723527069151,-0.164407573805799
0.08341130697342358,0,-0.1944106580463912,-0.2486833591657017
5.596462700290074,0,1.6402835056821985,2.0981936704303767
0.11356688480181645,1,0.31652036549868856,-0.8742834016259184
1.7819828398755293,1,0.8229238874424536,-0.22650961084811763
3.8948755349067703,1,1.7648945823752094,0.9784265742638614
3.983295161409893,1,0.7395954873711919,-0.33310040505591254
-3.075622330424695,0,-1.5233261715585933,-1.9485859121870865
-4.977790650269654,0,-1.2837173659901866,-1.6420866530764364
2.4098703656592115,1,1.2063790613699361,0.2639929248667696
-3.857042813168247,0,-1.4234027736900088,-1.8207673733738448
2.650842784145328,1,0.8939287260083639,-0.13568268834793565
-2.214692376350548,0,-0.6096586872602259,-0.7798542107513806
-1.7134118486027705,0,-0.2680786290005868,-0.34291686808906074
5.605480991171438,1,1.8635661837305442,1.104643858469794
1.230747812676434,0,0.5478177774820912,0.7007494675648219
3.086847302099843,0,0.955731169712892,1.2225381063565572
-2.2316931394901163,0,-0.5583022643487328,-0.7141608588914382
2.299833440052046,1,1.1946878802992809,0.24903797223978336
5.734184987142196,0,1.4679009538307648,1.8776878993643649
-4.133383904128333,0,-0.5736717821319334,-0.7338210120409187
-0.37808648974499814,1,0.1484340639718803,-1.0892935585456647
-3.4019497803007717,0,-0.8711332923342529,-1.1143234408839067
-0.38543149849718805,1,0.2704637085984779,-0.9331974769393896
0.9379093445768427,1,0.7366736586107954,-0.33683790689014304
-1.4201633712225727,1,0.2862620508641993,-0.9129887864109538
2.9811323630888373,0,1.0043324725699676,1.2847072043668273
-1.1632338399202642,0,-0.7844016056345366,-1.0033792806648418
5.0997409184895615,1,2.140109033833423,1.4583878641118633
4.688109659159906,1,1.3806694045272583,0.4869390762869402
8.113304766880734,0,2.058799411144374,2.633544675773785
-4.906860497178895,1,-0.8028940324393934,-2.3061994065152462
4.7401979742473905,0,1.4686171612513743,1.8786040470128857
-4.986337798442733,0,-1.9053854078598842,-2.4373028129910304
5.214295611738034,0,1.8535718997702733,2.371024773652215
-0.8758665925406358,1,0.5423059110186832,-0.5854663764936124
4.393243081751365,1,1.6541206241642497,0.8367283756527084
0.514759650651061,1,1.1560724349984888,0.19964243626670483
0.812464426171615,1,0.6925900518122419,-0.39322812506526095
-2.6685624000683577,0,-1.231337116320699,-1.5750836575995217
2.845890692632676,1,1.1559802427300452,0.19952450712004172
-5.07676228080457,0,-1.2501265800812214,-1.5991184868205304
-0.15364462345140473,1,0.4977520236140277,-0.6424581612806186
0.6024797648792627,1,0.5998617001005722,-0.5118430108193844
-1.0689293297549136,0,-0.804793675846989,-1.0294641083781733
1.8106656563927934,0,0.4960518373646595,0.6345322755233159
0.6066996384545033,1,0.4566910115465508,-0.6949819812928266
-1.141359085435083,1,0.34547802426872587,-0.8372417706326803
6.587778197900717,1,2.622841893440257,2.0758829660421605
0.5073644296508399,0,0.1879723885196682,0.2404477484784646
3.4084860934402457,0,0.937231366276728,1.1988738005585047
-2.5047864915800604,0,-0.7431204551196636,-0.9505738671992188
-1.5479564028757111,0,-0.49192361254222144,-0.6292515937615673
4.216739888462996,1,0.8537025044171929,-0.18713867338682783
1.9143862083221703,0,0.6432272624107986,0.8227939657768417
-2.5198156977617776,1,-0.46080720148205434,-1.8686138178253477
0.5916495475729542,1,0.0023956935379365607,-1.276100768045115
-4.488064235321552,1,-0.42303661661986003,-1.820298997971478
3.284448720439151,1,1.526098972712878,0.6729675271025706
1.7045444721617273,1,1.2572067817340904,0.32900997879740657
-1.8959603608034314,0,-0.06921127030265817,-0.0885326522935963
2.607100792732765,1,0.9028765846532962,-0.1242368984538927
4.154969391970029,0,0.9078207424134066,1.1612527523557645
-1.528270226573121,0,-0.4212504535401401,-0.538848944235555
1.5426612552563852,1,1.3906183355787052,0.4996654032221198
5.484378844489164,0,2.2622084754548393,2.8937384835917084
3.356389784042963,0,0.8593153941683855,1.099206396151386
1.640507043221339,0,0.6288426029578235,0.8043936091854509
6.538370528586898,1,1.9952584816850476,1.2731000704937327
1.2756224578762474,0,0.10986282241930241,0.14053270536298273
-0.5617635168514326,0,0.23264550675289086,0.29759204919881593
-8.091289438775535,0,-1.8422628171692454,-2.35655858811194
-2.612888742167333,1,-0.21401460923265248,-1.5529253083859764
-3.164368851742722,0,-1.513749623054498,-1.9363359240684135
2.1367233712360254,0,0.8923908230630604,1.1415153356201846
4.476709586777712,1,1.9501730974732305,1.2154284134573397
4.411707229094248,1,2.0056707726550718,1.2864191113377712
5.612349402417581,1,2.037026508711078,1.3265282794763829
1.8705988181356692,1,0.7475111381117028,-0.32297497965015615
4.257982507814726,1,1.4590585088699255,0.5872116950096928
2.4909458360722834,0,0.018370006164550638,0.02349827363788351
1.1922686060933803,1,0.890249864284021,-0.14038856044728026
-1.6634232224809253,0,-0.8850542847174586,-1.132130690669305
2.159529279634529,0,0.4759028834426093,0.6087584337218304
5.317111472304373,1,1.8190214564626772,1.0476637910115076
5.96740562805621,1,2.559742425824708,1.9951683193973364
-7.996850196019847,0,-2.8371094259129697,-3.6291318050492527
1.528433499741169,0,0.367990450624823,0.4707205989727372
0.22446240612399593,1,0.12985909543763985,-1.1130540129256392
0.5207144237333231,1,0.7136063444499363,-0.36634481371355454
1.5241156799108857,1,1.0493096238078663,0.06307515756060605
-2.489660619781655,0,-0.9406571776889097,-1.2032559794905169
4.442392822363364,1,2.0223731607446602,1.3077842258739147
1.1330834330402815,0,0.24007298546202502,0.3070930219030925
2.707660648667687,0,0.7650492365237055,0.9786244024773114
-4.739381869082295,0,-1.7901488724473205,-2.2898962406714443
-0.6818782561551904,0,-0.15701662968279942,-0.20085021730175873
-4.435963481403222,0,-1.4498680836020414,-1.8546208783021347
2.150106838454983,1,1.161029087719191,0.2059828142129999
5.008341404932453,1,1.731999051032052,0.9363477534926006
0.1557784284747461,1,0.24504988580592557,-0.965705956077327
3.4398232893371685,1,1.4099435499345894,0.5243855459905875
-4.5009723452243104,0,-0.2901978607045319,-0.3712110207737811
6.787868946406424,1,2.4216180449997524,1.8184844104419131
-4.030065074772425,0,-1.5433380829355987,-1.9741844539263593
0.05264324234010698,1,0.5349405044051602,-0.5948879487298173
-3.2630216834731245,1,-0.3291195769997113,-1.7001635839446212
0.060060797980816094,0,0.8313282354552978,1.0634061951119271
1.3935250509365673,1,0.5408983664211497,-0.5872668586390236
2.189006817905754,0,0.07828709690022176,0.10014213434652448
-3.6577792205414124,0,-0.9932390448104123,-1.2705168770070487
1.2463543976313267,1,0.27830017322115175,-0.9231733436643267
2.6943778998963173,0,0.9351202885533547,1.1961733832820862
4.6880681088032015,1,2.254422373319569,1.6046135162779103
2.6309802926064334,1,1.069235632739616,0.08856381587650376
3.4863054387020638,0,0.615868141610636,0.7877971290150366
0.22938558819707844,0,0.06714319949031933,0.08588724796354028
-1.5712541027614348,0,-0.7510579693996114,-0.9607272596849955
1.9743391335172589,0,1.0280649755953915,1.3150649976744568
4.540028162614554,1,1.395708697512435,0.5061768173481248
0.4103723103975116,0,0.17596158419474156,0.2250839448896102
-1.7288965154395004,1,0.2125933887530128,-1.007223179438322
0.9162594123272728,0,-0.2596307308402038,-0.3321106102762176
-2.7580012885324647,1,-0.5626719030441618,-1.9989156048746552
-1.8605020551030111,0,-0.7814593945433765,-0.9996157064612625
1.2148960395791553,0,1.0152574828358856,1.2986820979202454
-0.6311088010745913,0,-0.2322311050678032,-0.29706196096123105
5.056384262826472,0,1.7234126411953206,2.2045295723386507
2.6779378669049945,1,1.5714107051042208,0.7309287208659677
-2.1442025949668855,0,-0.24160769526006115,-0.30905616935475677
0.1597049127203971,0,0.4141395146789204,0.5297528783068646
2.351869495067449,0,0.3875687200433145,0.49576444098514266
3.7752024830993034,1,1.6144839920013758,0.7860265729257887
2.9873908270189915,0,1.2431419320819532,1.5901839677745968
-1.8567515838193536,1,0.5341207431579873,-0.5959365588354019
4.935740216877904,1,1.5250223374697733,0.6715903327062245
5.5489645846504265,1,2.0114508281907133,1.293812757556615
-1.3769098312305115,0,-0.17226302327478302,-0.22035287426366335
-0.10656075674197596,1,0.11618924666583375,-1.130540008529073
3.9194014206869023,1,1.4530041348560587,0.579467150124429
-4.776746701130776,1,-1.0992511920305987,-2.685289188426074
0.2923900412543147,1,0.4254169892100035,-0.7349866240805688
-4.723683699801606,0,-1.5195860503461172,-1.9438016790789228
-3.838004583587911,1,-0.23598888621958403,-1.5810340400330023
0.7415110966945975,1,1.0746259496903803,0.09545892203865677
0.03849898037682209,1,0.5591285052124235,-0.5639474984854815
0.7053335741744374,0,0.0844251293361288,0.1079936921786324
2.3289846227366144,0,0.2965562036477977,0.37934439215243027
-0.6735113210236661,1,0.4210437117056791,-0.7405807687188719
6.893143515341535,0,1.075385352366915,1.3755955795406065
3.7961668918160325,1,1.8705506578338773,1.1135781550740895
3.933155240692344,1,1.5205546235891212,0.6658753883364219
3.939428157058072,1,1.6815899721137662,0.871866211154233
-2.1240912512846544,0,-0.28349080563678997,-0.36263158896116204
5.29203224698587,0,1.3862675174098003,1.773265243768184
-3.010946513011178,0,-1.1845688272811767,-1.5152592871784025
1.5477964218796236,0,1.188503538802836,1.5202924334492245
7.69517827976239,1,2.7607666498157037,2.2523115223375276
3.449605170238258,1,1.4381484371288697,0.5604642577384259
-1.418564509154211,1,-0.04421582904290711,-1.3357246082589893
2.9610737755762795,1,1.674472429218099,0.8627616975741282
-4.325827524576977,0,-1.285751694675146,-1.6446888956494854
-4.897902629387479,0,-1.9165538367772474,-2.4515890792260353
0.8382916648895233,0,-0.5241111422710202,-0.670424763466561
1.1394930762247861,1,0.5068088753199451,-0.6308729512498203
3.252469122827381,0,0.9535997880778783,1.219811717021808
1.535405135203326,1,0.9936056228561914,-0.008179465076010762
0.9217895031273242,1,1.1649916117664305,0.21105153730022516
0.34447438190294255,0,0.01871956950474043,0.023945422917419596
1.555195700185753,0,0.8764401660401787,1.1211118093464159
-1.5344230083444075,0,-1.0869922287729619,-1.3904426925697084
1.639612074275401,0,0.6357687257430673,0.8132532648110059
6.0016801652631955,1,2.3498727769408756,1.7267103562598236
-3.606261925560286,0,-1.5117344895994453,-1.9337582353665415
-2.048668784589775,0,-0.4650725546985577,-0.5949046534815674
-3.473006868848814,0,-0.8771947872568683,-1.1220770945882326
4.526265290905978,1,1.7252404915605535,0.9277024390361659
5.167886267774079,1,2.3269234962846106,1.6973544337945303
-0.6780917418444944,1,0.19690782760411607,-1.0272876042805847
10.286434893895033,1,3.310839945943948,2.9559461709887302
-2.364016474731416,0,-0.5807833350841863,-0.7429178634935227
0.9288209160049561,0,-0.24100661844856378,-0.3082872927813124
1.6591125434483314,1,1.4275100826503864,0.5468560443087207
1.9889303836629544,1,1.6581687812002035,0.8419066374838632
3.716797187894601,1,1.051899949256057,0.06638861187561976
3.2394098955159967,1,1.6176711091217038,0.7901034224128604
-0.16184412575228968,1,0.04077185865801025,-1.2270113109656569
-7.3337854033924605,1,-1.3852425717412582,-3.051119424862541
-5.826333182880662,0,-1.9102900633072935,-2.4435766778319232
-4.2134580674557425,0,-0.8481665650791316,-1.0849452013355216
1.2134434374594054,0,0.35731313699854717,0.45706255035477317
3.781989924516884,1,1.3036203068014938,0.3883805474713169
-0.6672275590321934,0,-0.14272835377764861,-0.18257315119599324
-1.317262842310208,0,0.043479905893840605,0.0556179849528038
-1.497603052914522,1,-0.27632703689295934,-1.6326332008649842
3.52358384392799,1,2.0638245563125954,1.3608074108964179
-3.3829583924865716,0,-0.7174785391126289,-0.9177736191461902
3.956594618921923,0,0.8082563550566396,1.0338934473157724
0.37952855603111796,0,0.14697045287779228,0.18799949697733304
10.53090159100201,1,3.3924122967820423,3.060290688029662
4.27077078258071,0,1.0861261954761876,1.3893348928659506
-1.0467407298446192,1,0.6836772133546856,-0.40462911835235443
2.2729401188366394,0,0.5747166070885125,0.7351575158239584
4.954635894598911,1,1.7115375817747571,0.9101741529323082
-0.9298223650335029,0,-0.7134362408953385,-0.9126028517123109
-0.3082397931247186,1,-0.013305638431251543,-1.296185366372753
-2.8813539991387507,0,-0.7818954181772118,-1.000173452744452
3.1232469434441663,0,1.4613715531001497,1.869335716807373
-3.8247048446068277,0,-0.9470868500728296,-1.2114805930113794
-2.1077519060117806,1,-0.2192871690654843,-1.5596697837342255
-2.3524123442158067,1,-0.5494933776833033,-1.9820580931079566
3.7080856399505153,1,1.3980296504504957,0.5091456997072631
0.7645607160394987,0,0.7307469394622851,0.9347460958759406
0.027551949154399624,1,0.15903244373789993,-1.075736479379261
-2.055078337236926,0,-0.5947512248532533,-0.760785102785511
-5.887941852550179,0,-1.942610167660775,-2.484919432390636
1.2779619365564907,1,0.8457705029554236,-0.19728501406712812
4.7918871377172785,1,1.2230169419597998,0.2852755236505144
7.069114947445651,1,2.794929100769264,2.2960109426565394
3.9656190163780463,0,1.1317259149635508,1.4476644697167487
-2.117404572208006,0,-0.7518429937329839,-0.9617314355373466
1.6193882561722093,1,0.8606782800342359,-0.17821550358397434
1.2481407878233028,1,0.7733371453196909,-0.28993924852893566
3.3621741321446295,0,1.5835340425273703,2.025601728867043
1.5624233222202533,1,1.212398889533238,0.2716932799002524
0.23346773730744963,0,-0.41460143276793027,-0.530343747877436
5.1219385308374985,1,2.0450222550083113,1.3367561603354567
0.2535927313924768,0,0.19324276650995403,0.24718943288953485
0.3438628781667806,0,0.13737107615383223,0.1757203077929531
1.807203418856873,1,1.2105445690277492,0.26932129753617456
-0.7208809859106456,1,0.01282527174594339,-1.262759613966877
1.3819887881208317,1,0.8469793393073523,-0.1957387126055719
0.35297080792292135,1,0.4832442166898415,-0.6610160438385446
-2.7983063492821048,0,-0.7634597365822688,-0.976591169377839
2.9498032815561324,0,1.5003988717820376,1.9192581068994135
1.9824777594258132,1,1.0358556995132324,0.0458653650462872
2.6739658064464047,0,0.5660040368513465,0.7240126986862655
2.64874913770449,1,0.6861855793579525,-0.4014205037116868
3.120511257704079,1,1.1875941024187677,0.23996385804137155
4.179439149073604,0,1.0006965171847257,1.2800562165657223
-2.416484169090876,0,-0.8475869501608044,-1.0842037780701483
-2.545082243277787,0,-0.17095921103499725,-0.21868508294620426
2.426757948020756,0,0.6168735913626183,0.7890832654044089
-6.044798821100565,0,-1.3550656897793059,-1.7333529499400906
1.8620593515877313,1,0.9986554148046759,-0.0017199466655674737
1.21325829179135,1,1.0186400447524677,0.023843697617321722
0.15738796747127196,0,0.027579834133876,0.03527916558982338
-0.812041432939355,1,0.07103711681563996,-1.1882970442670662
-2.011156736563027,0,-1.2921337107361555,-1.6528525488578532
9.395943096992582,1,3.376795514349617,3.0403142425318608
-1.7688745714973217,0,-0.966133042088441,-1.2358438200965272
2.5887437468133427,1,1.5442777602205089,0.6962212004782264
4.245800646335903,0,1.0514724420814372,1.345007015533989
-2.127630494332997,0,-0.37652304855901647,-0.48163520179342834
3.58054979401168,1,2.146160692867195,1.4661289360889185
1.826560863633827,1,0.8942025190261806,-0.13533246183221379
0.8456265594335588,0,-0.17897461650175117,-0.22893811113189066
-2.305225365336414,1,-0.7194449212511052,-2.19945420284054
0.7511555964332529,1,0.30551802037944265,-0.8883572192367901
-1.4483528095000777,0,-0.6045681635218701,-0.7733425896505202
-2.643023071479795,0,-0.6858194740461824,-0.877276443076292
1.7222692837254137,1,0.9508688341118555,-0.062846880390043
-2.5377971005341267,0,-1.5356640394643957,-1.9643680841450943
2.957087582323041,1,0.4257193618875619,-0.7345998394570776
-1.3113215466052162,1,-0.36138443412149934,-1.7414356681640626
2.829626787486044,1,0.8230705156820499,-0.2263220490984801
-5.910318113900474,0,-1.768782437407186,-2.2625650393238903
-2.3707319444955406,1,-0.904904064375234,-2.436687095129272
-1.9630385250462645,0,-0.5697132513422148,-0.7287573969899723
6.930222686650903,1,2.7858657858118603,2.284417465058999
3.201675028575906,1,1.3386120891597602,0.4331408197089242
-4.365524973991661,1,-0.4003567790507603,-1.7912877377417515
-4.939315076593372,0,-0.8314385303386863,-1.0635472804946704
-1.599170101514254,0,-0.5405249554159035,-0.6914207429596899
-3.7702492275866457,0,-1.7526854648376766,-2.241974351286465
0.9995300067481809,0,0.4848762031951908,0.6202367925801571
-1.7589445811722655,1,-0.269351177878679,-1.6237099243832822
5.331633712438993,1,2.194820859723481,1.5283733308818068
0.43626004877067803,1,0.3140854410049938,-0.8773980724391944
6.442182425649157,1,2.3836752869310853,1.7699493526043124
-2.4477024299732966,0,-0.8862430725877479,-1.133651346809713
4.47765017790243,1,2.1106844967881973,1.4207490186502307
-2.6024848440449184,0,0.02779647240443896,0.035556281738643725
-2.7085275441875076,0,-0.472845696779449,-0.6048477867612616
0.23206849107872596,1,0.4485714407655932,-0.705368254129321
3.5998653746204172,1,1.8178389982674779,1.0461512315715564
-1.5312646635897642,0,-0.407144933913384,-0.5208056536114247
-3.9862420642400727,1,-0.12455610596677302,-1.4384930991560374
-0.5165179259012844,0,-0.8875227924523243,-1.13528831999787
5.294891473531798,1,2.1440917323413275,1.4634823936682293
4.831146140269805,1,1.6889386597555809,0.8812663970627127
2.6133851642639554,1,1.4886325245466026,0.6250417483431894
3.432848324412978,1,1.4451185560215236,0.5693801916559781
-0.9543090607834658,0,-0.36235837137327914,-0.4635162388752206
4.913682159011743,1,1.9952756974092911,1.2731220922500417
-2.3190747978212283,0,-0.81571072028625,-1.0434288123228965
0.5602864984041387,0,-0.15125247726010782,-0.1934769137924624
3.1111083786686846,1,1.17914506385677,0.22915614146640478
2.0347347415302726,1,1.413357541089133,0.5287526048597123
0.3285377773159436,0,0.21397828206892178,0.2737135839574577
0.4535810780195888,0,0.6354632475896052,0.8128625077706353
4.900367774004435,1,1.7621055599957178,0.9748589537378575
6.388696793923543,1,2.505000418181196,1.9251442451770095
0.6445717662099899,1,0.48310350389081314,-0.6611960387621338
1.4574541482080985,0,0.3192208204583564,0.40833618251666126
3.8300485601271825,0,0.8481912846782412,1.0849768217878446
-6.375558769277338,0,-1.781045209856928,-2.2782511517836235
-0.2072336302046225,1,0.7738134780507523,-0.28932994024907455
-0.0071715885959322545,1,0.5056060696728337,-0.6324115384433052
1.1430774138776816,0,0.29111147724237785,0.3723796873062849
1.5455604133927752,0,0.4078302943346104,0.5216823428500832
-2.1968953208275055,0,-0.7098885900515722,-0.9080648200126069
6.3588254441640295,1,2.591016789381551,2.035173398662226
2.1971199597292057,0,0.819430120845843,1.048186540291811
-3.1353639867723557,1,0.21602778800721978,-1.0028300152371672
4.018454384745561,1,1.4773002375367157,0.6105458805293167
0.09683600412667359,0,-0.5460017913007675,-0.698426521136328
0.46184805583500044,1,0.877313854263524,-0.15693585501654553
4.5061962837685225,1,2.1868595155525767,1.5181894560274647
0.7181602759427772,0,0.626669327524437,0.801613630759382
-3.5114895893579146,0,-0.5406973116193622,-0.6916412150268073
-3.062724562086199,1,-0.3036185697799072,-1.6675435815164807
-4.679705359593013,0,-1.3868001352720367,-1.7739465500322726
-3.525676881008538,0,-1.3791904579898133,-1.7642125152436108
1.2817490165368888,1,0.5769544211616047,-0.5411452061472188
7.9565112645724785,0,2.0730965686087837,2.651833102861573
-1.911452868567525,0,-0.6877231223276393,-0.8797115238175431
2.3938150867907275,0,0.5665074132656068,0.7246566003060686
6.334878593171834,1,1.1759444974503364,0.22506208811982914
-2.247941756588305,0,-1.069426616340275,-1.3679733714457554
3.125664862090992,1,1.2314893873367776,0.29611318140995657
2.47296146567342,1,0.9399099780965662,-0.07686506825011953
3.4842922746717226,1,1.244141709455825,0.3122975922721451
-6.046309477631514,1,-1.0574477796919934,-2.631815715781006
1.1049351396399656,0,0.6072234414011531,0.7767391288586787
-2.164256977007364,1,-0.034854028288203054,-1.323749318000138
0.43230028662804265,0,-0.20443340797555112,-0.26150411264448736
0.49497852102587825,1,0.49722438697551574,-0.6431330957363867
-6.999431071627445,0,-2.112243864659432,-2.701908963835236
2.077492279866981,0,0.565401397423616,0.7232418232684272
1.8346159050450221,1,1.3949789470531953,0.5052433459151275
3.5831154969834937,1,1.1083274165801982,0.13856866755976743
5.424252768724163,1,1.7208880630841263,0.9221349637499703
2.711678406374622,0,0.9470093251118441,1.2113814257748154
-4.910119802188718,0,-1.460535487980098,-1.868266251354064
-0.41943344051026266,0,0.35472371479279297,0.453750251436102
2.524621353320966,1,1.2242289052886781,0.2868258250323409
0.3845409939521084,0,0.4340026739985923,0.5551611415826404
2.024396430653355,1,0.6615057564668441,-0.43299007567780257
0.25775777135264477,0,0.3310790379156014,0.423504802285858
3.4270895347778736,1,1.704624517108635,0.9013312007990423
3.154333305075527,1,1.2666151860505623,0.3410448827132762
-0.20772931033025693,1,0.20931500252914115,-1.0114167771915914
-3.692836686520276,0,-1.3862268593948222,-1.7732132354480468
-0.6193406419954716,1,0.42763038275185195,-0.7321553279640195
5.706349621908657,1,2.160531650025807,1.4845117651814335
-3.3435528516916277,1,0.037041925949694576,-1.231782511293288
-3.354306112107658,0,-1.0586255510235216,-1.3541570239649634
4.114131195243338,1,1.7697786207811965,0.9846740665016861
2.0292549974638896,0,1.0322948080257568,1.3204756523580095
1.7107508081229534,0,0.1949696668792905,0.24939842384253394
2.8899036817932524,1,1.2646727907001303,0.338560238067621
5.916181125183533,1,2.4311606754340023,1.8306910117440895
5.5110567156355925,0,1.3025600240848814,1.6661895266415334
9.035225364162894,1,2.9805680025066907,2.533473775917866
1.2267731072967547,1,0.7988132614065467,-0.2573510859732445
-0.4455279699253399,1,0.02266834625666525,-1.2501686950407116
1.5565759967549702,1,0.5395256139415902,-0.5890228359159405
4.165292633898017,1,1.5774058460439129,0.7385974968607422
1.0444658937307076,1,0.889963334879295,-0.1407550789066231
-3.365087303674026,0,-1.2319107614947407,-1.575817444575418
-0.8847598748589397,1,-0.03139871880447043,-1.3193294061598793
4.497621226531738,0,1.0562086607075987,1.3510654218453133
0.8901596750632308,0,0.3887550832090821,0.49728199552777036
-1.652595103278308,1,-0.4642359505305085,-1.8729997544796146
-2.284601380487341,1,-0.28119475505937497,-1.6388598168193795
-5.902145610390859,0,-1.4603023742149654,-1.867968060325015
0.7125683310441312,1,0.2709596596527618,-0.9325630735820816
4.9557528885740485,1,1.4716525098494957,0.6033215034965725
3.3536392072528005,0,0.8390331297530483,1.0732620281986298
5.87527616343925,1,2.495068494453135,1.9124396734190032
-0.0002799073965879667,0,0.03821537036618865,0.04888377401694421
0.9147577680617693,1,0.647875825516865,-0.4504250097904608
3.6409045595870557,0,1.3586485982073118,1.7379360819165637
1.233440180578866,1,0.24902198599119696,-0.9606249835270448
2.7674012140401976,1,1.5054060827017341,0.646497901154441
5.2950853489233385,1,1.511936780553214,0.654851742943376
1.5581336765839464,1,0.8205867026124447,-0.22949925647947503
-0.04552885147111829,0,0.4933905665558326,0.6311280703679032
-2.7069850260279646,0,-1.017350603717029,-1.301359545427976
-1.1018501255380115,0,-0.3945731826492076,-0.504724306187432
-0.899738865409577,0,0.44063475954900194,0.5636446749934301
0.83272426640846,0,0.2284894120286952,0.2922757172270513
-5.514435337966123,0,-1.297147044401634,-1.6592654310993824
-3.691643984297058,0,-1.4407880981383785,-1.843006076372188
6.659965078961962,1,2.3295713795208823,1.7007415140322688
5.901189020491366,1,1.4288347858480075,0.548550558613607
3.6551439239061763,1,1.3672521908874893,0.4697762427668489
-0.2646086361164844,0,0.012404372901668266,0.01586724283806892
-0.8124338671918476,1,-0.6034497867724904,-2.0510772569524405
-4.045432826130538,0,-1.9557237120039024,-2.501693822697155
2.037320173876087,1,1.1329049759675898,0.17000742760497337
-0.3471448284689307,1,0.7666831611954916,-0.29845079383447276
1.0861691503169013,1,0.37724804547460744,-0.7966026633242791
-2.8205517157443767,0,-0.6399938683502076,-0.8186579204356323
-0.5539556362909894,0,-0.1364583414905384,-0.17455276932373645
-5.268860007888742,1,-1.2410680153726439,-2.8666963415590723
3.053597287803567,0,0.9355795728393363,1.1967608837833328
0.6686612118785,1,0.259544010408045,-0.94716557547041
9.578482810691098,1,3.6618486089147515,3.404944257209968
-2.180833686737143,0,-1.0304407877948591,-1.318104054094756
1.6914903645890451,1,0.456315252215297,-0.6954626395739778
-1.0396770608385382,1,0.14279756093197238,-1.0965035773995564
4.493089999150692,1,1.9392881326906464,1.2015047446948612
2.396276551148933,1,1.0612372760874786,0.07833259594213064
7.241460578452906,0,1.7952848895353748,2.2964660552846174
-2.7296877661364864,0,-0.7391297573873674,-0.9454691053129359
-1.2264786072735543,0,-0.8083006379939575,-1.0339500925106222
-1.37300759572559,0,-0.4097497287126492,-0.5241376166176095
3.030998821709051,0,0.2641954378863477,0.33794962493338476
5.423287678045635,0,1.9439436749066126,2.4866252085281126
-2.442221889026383,1,-0.05218258804512166,-1.3459154095774106
5.115673439416618,1,1.7231308594253671,0.9250038709059307
-0.25541560832244414,1,0.5052913595205447,-0.6328141047358183
-2.5414632599187157,0,-1.2542895728351848,-1.6044436425123088
0.3753672375231718,0,0.1433593220189347,0.183380263847875
8.286622262120765,1,3.27360808777377,2.908320471601758
1.8652101114018123,0,1.1939750382583294,1.5272913854508205
2.848771051563733,1,1.1856168211965752,0.23743458860063565
2.5557657718387556,0,0.6757952730812492,0.86445383348296
0.45117983680008056,0,0.5443180453477247,0.6962727318132937
4.940454783761989,0,1.1217687195210826,1.4349275712597127
3.9348754775783794,1,1.0149610760671666,0.019137688697235748
5.817429246256186,1,1.5354915840323728,0.6849822291654193
1.7905197308760892,1,0.3914776097578738,-0.7784006990853506
1.6949639139843151,0,0.54016699091856,0.6909628472118127
3.4389227176768413,0,1.0605157557368583,1.3565749081609586
-1.5814418158679329,0,-0.6141010813262882,-0.7855367668940717
3.7854887645106547,0,1.0309170045372686,1.3187132140059634
2.7895061349895522,0,0.5161135215838741,0.6601944849530342
-3.6700392143769225,0,-0.8332971522104845,-1.0659247650170844
-6.058465723549681,0,-1.153611321128312,-1.4756595208957834
2.2117854970633024,0,1.5652146125673463,2.0021681505527695
4.600060773775416,0,1.305817208914182,1.670356004307489
6.568655490138897,0,2.1054718639459096,2.6932464558090072
2.195484109864927,0,0.3900405112796601,0.4989262704547188
8.056112205015946,0,2.634597307437962,3.370085339180545
3.235022538591393,1,0.8569176286302217,-0.18302599819985227
-0.4578090415106695,1,-0.12627899409082,-1.4406969577842637
-0.07425391333008324,1,-0.06888533819043463,-1.367280987242657
-0.5520832092935013,0,1.0103653961697487,1.292424310627666
-1.48325603203814,0,-0.10009453100788886,-0.12803744637918707
2.5638929295626665,1,1.1283885717820958,0.16423020028891414
4.430820335791165,0,1.4571794023869276,1.8639732632671757
4.0590639662192425,0,1.5134866151575257,1.9359994935045572
-1.9461823880039455,0,-0.6562547508080816,-0.8394582763073655
2.600649465735027,1,0.7195563832494072,-0.35873373080952164
-7.879787714548401,0,-2.1307784551019644,-2.725617767963195
-1.8495675779593248,0,-0.33454485323023436,-0.42793815281998976
-0.3714805646211952,0,-0.25007620252931767,-0.3198887896236277
3.2214370321539043,1,1.187572149784821,0.2399357769947496
2.1878138963432345,0,0.4031705094388868,0.51572170791112
-4.158901111857254,0,-0.9282946907891161,-1.187442315770758
-0.8756533470814986,1,0.17867298224821937,-1.0506129849080676
-0.3297749941273994,0,0.024657607880249923,0.03154115529606404
-0.41227461687468797,1,0.23834303898975318,-0.9742851215017738
-1.705298275732026,0,0.10372813974536649,0.13268543243000408
3.7848057406601208,1,1.425038910056505,0.5436950061850907
-2.3498649895368056,0,-1.2406861777595586,-1.58704265216816
0.04388074146977794,0,0.16298778870034325,0.20848831645494934
-0.4267648767699923,0,-0.3603134858711434,-0.46090049238842556
2.1476008420532513,1,0.9249682772539607,-0.09597797283326975
4.435683193281464,0,1.1951647036870827,1.5288131641335256
4.154137350887212,0,1.0457215945496328,1.3376507311788501
-2.717103734077252,1,-0.3311994936810092,-1.7028241410986766
-1.9955917987671374,0,-0.6405234960307151,-0.8193354017631443
-0.5591005740795019,0,-0.20906858990272936,-0.2674332763208933
0.8472081036761149,1,0.2881467148378626,-0.9105779897366413
-1.1664883001209512,0,-0.3326260229239931,-0.42548365176011904
0.35556401175143076,0,-0.12792787904587496,-0.16364089814705665
4.827490379830583,0,1.7230631510393892,2.2040825166738753
3.007572198647673,0,0.582461379792631,0.7450643599825509
-2.0139671735844713,1,0.20321040288327508,-1.0192255689602683
5.529329314493312,1,2.120984604475651,1.4339245585369027
-3.6847924951178608,0,-0.5550863498043915,-0.7100471727401071
-1.0991458250863324,0,0.02662463663627125,0.03405731013828565
3.0062280967356476,1,1.4453582133422036,0.5696867529739338
-1.9482322297279446,0,-0.3662760565335497,-0.4685276056161182
3.005893327975533,1,1.2807074940261587,0.3590712734522688
5.281147870337847,0,1.1488389778042425,1.4695549051260122
-2.086756892643583,0,-0.6290159872280043,-0.8046153963198003
-1.1381670259492116,1,0.4279693610718762,-0.731721718674513
5.126793809474215,1,1.9032117776948674,1.1553571248217585
-2.088283433505467,0,-0.5675179124581256,-0.7259491957643373
1.695328215700381,0,0.30429892970294503,0.38924861830876767
5.301951231141486,0,0.9360593767399169,1.1973746322626404
-2.2522985434392906,0,-1.3569127557749916,-1.7357156525872792
-1.9335777755211074,1,0.019907830970893547,-1.2536998502828802
3.9331112997106517,1,1.4243161739723638,0.5427705072970119
4.09676022337888,1,1.7435355563986699,0.9511048503330375
-6.059344135416789,0,-2.7749727546784557,-3.549648734083635
-5.651415734641333,0,-2.126085007207895,-2.7196140724863356
-1.9488621010267022,0,-0.5208129299875266,-0.6662058049066601
7.57009896596151,1,2.732927999910871,2.216701288605796
1.8189101540260006,0,0.8564927288222943,1.0955957407113994
4.053287989673456,1,1.7001098400799417,0.895556182801954
0.18722687302361268,1,0.4275903736559251,-0.7322065062094524
3.4586316820287752,1,1.9235742496250814,1.1814040914408137
-4.469926028921689,1,-0.9814581293907103,-2.5346123953013198
2.043564179622785,1,0.7348151230378666,-0.3392152810220417
-0.8485722261033246,1,0.5375434877593579,-0.5915583028612259
2.134796404836392,1,1.4059094875411926,0.5192253135364874
0.7793293333358162,0,0.4176218034039863,0.5342073010552696
2.880489083311952,1,1.2382901205301102,0.3048124430260769
4.863073502961575,1,2.399241556983487,1.7898611844205903
6.497000053456193,1,2.068059424312902,1.3662245069060832
-0.6677489948375972,0,-0.593694067839886,-0.7594328242638931
6.396949455489126,0,2.0103271797372635,2.5715406814778494
2.1369248837661488,0,0.23131441346206053,0.2958893609087139
1.7015090132528115,1,1.6537137464922806,0.8362079118712903
1.4222088331569522,1,1.1278409450358498,0.16352969518186908
4.103807361143944,1,1.4506839177241906,0.5764992089830072
5.066525046327959,1,1.7080845958154507,0.905757213263767
3.8946161161884607,1,1.2645917224482337,0.33845653837643175
1.1737182021129464,1,0.5869686872709978,-0.5283353048759167
-0.1845536076235066,1,0.47585642495080427,-0.6704662503495581
0.5765877759014655,1,0.5849958911338232,-0.5308588371517277
3.9204768465552178,1,1.179164098213862,0.2291804895546669
-3.97512172589056,0,-0.8193975720806962,-1.04814490504231
1.0937289232302652,0,0.36608634131790646,0.4682849285037361
-0.0076195627948481,0,-0.6722452261263956,-0.8599127367612036
-2.258344441618437,0,-0.6064369114979782,-0.7757330271337457
-3.1015831116216273,1,-0.20048492984008193,-1.5356186125824134
1.671252278719252,0,0.31878407326202435,0.40777751067746537
5.57317688481267,1,2.252301356918041,1.6019003857897063
-4.163882148574003,1,-1.6326478396510962,-3.3675916477199284
2.8064993116881958,1,1.108384293828176,0.13864142295923668
-2.9399155127883954,1,-0.556610174331059,-1.9911616521136606
0.49523133904311684,1,0.46055835080535135,-0.6900350152798707
2.150174770684814,0,0.32940362522985955,0.42136167258882423
-0.36365916982500074,0,-0.27442830578777483,-0.3510391540219523
4.9775689794949205,1,1.7808482806880042,0.9988339908500207
-3.6994007785759973,0,-0.8494912775846201,-1.0866397275467086
1.4910829281979792,1,0.7442188910885826,-0.3271863076562443
2.944157423313157,1,1.8724208154142308,1.1159703956740903
2.6413069741535447,1,0.8846979799042614,-0.14749033805110248
0.7353474736862741,1,0.3970040599160961,-0.7713314560540317
-2.9101548906380037,1,-0.5865105553791528,-2.0294091806910295
1.9527204107385172,0,0.24515773236796073,0.31359725348063167
-0.7343595314276522,1,0.3969230414356122,-0.7714350920793593
-2.879608456586573,0,-0.6247292880807441,-0.7991319997077738
0.484303036035555,0,0.4487493432170821,0.5740245684884039
-1.9173713704805393,0,-0.23066062826844977,-0.29505306160417105
6.55670575836471,0,1.7939435483093467,2.294750258191865
0.6546774792310135,1,1.0080583862071484,0.01030800765547545
2.14487458401241,0,0.20431266615027274,0.2613496638966473
1.4268982523476246,1,0.6369338864621956,-0.46442155806227525
1.0898155834830727,0,0.5979418500364747,0.7648664396647518
0.4700781565790344,0,0.3373443686432053,0.43151919566985053
-2.9155646291709503,0,-1.406190113734113,-1.798749536795216
-7.33109729897757,0,-1.5263771920004852,-1.9524886715316478
-1.5217018888722205,0,-1.2205507886608091,-1.5612861620173442
-3.479888488843255,0,-1.3126887336955955,-1.679145820063498
4.979311128885752,0,1.3453587949270653,1.720936227301626
0.7576958017460413,1,1.1078700007123172,0.1379835570740388
0.08751060943938294,0,-0.27431227908695643,-0.35089073669749904
-4.999529716283864,0,-1.3147924408370941,-1.6818368091476663
-0.6555642063032097,1,0.12900971247638549,-1.1141405140986997
1.4657849319380312,1,1.0420457258777434,0.053783431705387345
0.9306518967008917,1,1.0236596809748286,0.030264641870638587
1.8611576454551628,1,1.4982402695352388,0.637331641920996
0.5034925595213222,0,0.7209319698348572,0.9221911277400082
4.16757338776135,1,1.5167157927450252,0.6609648892970592
-2.263863088205237,0,-0.8716445331408048,-1.1149774023610886
2.512509937091624,1,0.7385789058728229,-0.33440078078850083
2.074919418291002,0,0.6155085281891851,0.7873371240207315
4.952345470210562,1,1.7639130713275504,0.9771710594333329
6.422156589857078,0,1.2748777587245652,1.63077933458572
6.199797882403314,0,1.6409691514090106,2.099070724622028
-0.5024630468830922,0,-0.17155064377039497,-0.2194416231525759
5.685757544699367,1,1.7096780897370678,0.9077955553239194
0.8545689434945298,0,0.7797471777942319,0.9974254982850448
2.1658423422482196,1,0.5891379596630522,-0.525560447001238
-7.939399781365589,0,-2.242402994530856,-2.8684040005157185
0.18289919746033356,1,0.583393570970453,-0.5329084694336716
-0.9493370993343199,0,-0.2449088875289129,-0.31327893980839105
1.4145788748272063,1,1.0462977263773525,0.05922244301290895
1.3978925351551195,1,0.7543578859485368,-0.31421685770080243
-2.599506542448143,0,-0.8312465729444897,-1.063301735265385
2.0278156575123485,1,1.2938812837942177,0.3759227276131922
3.888033168518272,0,1.30234696883303,1.6659169937657605
-0.43946805787356236,0,-0.3714321419204447,-0.47512309089991506
-0.29654734478178013,1,0.6226737930885382,-0.48266257405292884
4.525983846808602,1,1.9379680587803132,1.1998161520134338
2.701252478276537,1,1.471291326295155,0.6028594900428277
-1.0906828108114255,0,0.16041609695726505,0.2051986977281058
3.7122938318533536,1,1.773278930054409,0.9891515405091741
-7.919624054476122,0,-1.8266573051566493,-2.3365965593436044
0.27284199537674636,0,0.07141826429982291,0.0913557623349321
-2.7278353530422854,0,-0.9529736567661576,-1.219010791602172
0.5310061078630856,0,-0.13738717453688087,-0.17574090028522643
1.6515324006057834,0,-0.1673209127954328,-0.21403109824724992
-2.3046656855160084,0,-0.46944032796127033,-0.6004917572852402
5.3876867302041,0,1.550019851377149,1.982731539965313
-1.7157967907801708,1,0.21403903068022634,-1.0053739645124384
-1.5239426973317343,1,-0.28077218093009404,-1.6383192746751263
0.9833151791010898,0,0.04381464008146877,0.056046165295607395
0.24296725281444642,1,1.155811823503793,0.19930907109738052
5.910154776308444,1,2.16937082180515,1.4958185266132322
-0.0957659167312308,0,-0.26028768341927844,-0.3329509611901981
-0.4441210607386536,0,0.06530555960152953,0.08353660286479223
1.1799442528253747,1,0.7213808326475453,-0.3563999585281246
0.9362181529960789,0,0.19200920481331551,0.2456115036260836
5.977164454588858,1,2.14446406676325,1.4639586709243588
5.406252463523605,1,2.321583186858721,1.6905232955207352
4.379059998494365,0,0.5593734850819896,0.7155311272349087
